scale_id,cycle_day,employee_id,day_key,status,shift_code,minutes,source
1,1,ALI,SUN,WORK,DOM_08_12_30,270,SUNDAY_ROTATION
1,1,ANJ,SUN,FOLGA,,0,MOCK_BASE_WEEKDAY_TEMPLATE
1,1,CLE,SUN,WORK,DOM_08_12_30,270,SUNDAY_ROTATION
1,1,GAB,SUN,WORK,DOM_08_12_30,270,SUNDAY_ROTATION
1,1,HEL,SUN,FOLGA,,0,MOCK_BASE_WEEKDAY_TEMPLATE
1,1,MAY,SUN,FOLGA,,0,MOCK_BASE_WEEKDAY_TEMPLATE
1,2,ALI,MON,WORK,CAI5,330,MOCK_BASE_WEEKDAY_TEMPLATE
1,2,ANJ,MON,WORK,CAI3,270,MOCK_BASE_WEEKDAY_TEMPLATE
1,2,CLE,MON,WORK,CAI1,570,MOCK_BASE_WEEKDAY_TEMPLATE
1,2,GAB,MON,WORK,CAI2,360,MOCK_BASE_WEEKDAY_TEMPLATE
1,2,HEL,MON,WORK,CAI6,330,MOCK_BASE_WEEKDAY_TEMPLATE
1,2,MAY,MON,WORK,CAI4,300,MOCK_BASE_WEEKDAY_TEMPLATE
1,3,ALI,TUE,WORK,CAI5,330,MOCK_BASE_WEEKDAY_TEMPLATE
1,3,ANJ,TUE,WORK,CAI3,480,MOCK_BASE_WEEKDAY_TEMPLATE
1,3,CLE,TUE,WORK,CAI1,360,MOCK_BASE_WEEKDAY_TEMPLATE
1,3,GAB,TUE,FOLGA,,0,SUNDAY_COMPENSATION
1,3,HEL,TUE,WORK,CAI6,330,MOCK_BASE_WEEKDAY_TEMPLATE
1,3,MAY,TUE,WORK,CAI4,300,MOCK_BASE_WEEKDAY_TEMPLATE
1,4,ALI,WED,WORK,CAI5,300,MOCK_BASE_WEEKDAY_TEMPLATE
1,4,ANJ,WED,WORK,CAI3,450,MOCK_BASE_WEEKDAY_TEMPLATE
1,4,CLE,WED,WORK,CAI1,540,MOCK_BASE_WEEKDAY_TEMPLATE
1,4,GAB,WED,WORK,CAI2,360,MOCK_BASE_WEEKDAY_TEMPLATE
1,4,HEL,WED,WORK,CAI6,300,MOCK_BASE_WEEKDAY_TEMPLATE
1,4,MAY,WED,WORK,CAI4,270,MOCK_BASE_WEEKDAY_TEMPLATE
1,5,ALI,THU,FOLGA,,0,SUNDAY_COMPENSATION
1,5,ANJ,THU,WORK,CAI3,480,MOCK_BASE_WEEKDAY_TEMPLATE
1,5,CLE,THU,WORK,CAI1,360,MOCK_BASE_WEEKDAY_TEMPLATE
1,5,GAB,THU,WORK,CAI2,360,MOCK_BASE_WEEKDAY_TEMPLATE
1,5,HEL,THU,WORK,CAI6,300,MOCK_BASE_WEEKDAY_TEMPLATE
1,5,MAY,THU,WORK,CAI4,330,MOCK_BASE_WEEKDAY_TEMPLATE
1,6,ALI,FRI,WORK,CAI5,270,MOCK_BASE_WEEKDAY_TEMPLATE
1,6,ANJ,FRI,WORK,CAI3,450,MOCK_BASE_WEEKDAY_TEMPLATE
1,6,CLE,FRI,WORK,CAI1,540,MOCK_BASE_WEEKDAY_TEMPLATE
1,6,GAB,FRI,WORK,CAI2,360,MOCK_BASE_WEEKDAY_TEMPLATE
1,6,HEL,FRI,WORK,CAI6,270,MOCK_BASE_WEEKDAY_TEMPLATE
1,6,MAY,FRI,WORK,CAI4,330,MOCK_BASE_WEEKDAY_TEMPLATE
1,7,ALI,SAT,WORK,CAI5,300,MOCK_BASE_WEEKDAY_TEMPLATE
1,7,ANJ,SAT,WORK,CAI3,510,MOCK_BASE_WEEKDAY_TEMPLATE
1,7,CLE,SAT,FOLGA,,0,SUNDAY_COMPENSATION
1,7,GAB,SAT,WORK,CAI2,450,MOCK_BASE_WEEKDAY_TEMPLATE
1,7,HEL,SAT,WORK,CAI6,270,MOCK_BASE_WEEKDAY_TEMPLATE
1,7,MAY,SAT,WORK,CAI4,270,MOCK_BASE_WEEKDAY_TEMPLATE
2,8,ALI,SUN,FOLGA,,0,MOCK_BASE_WEEKDAY_TEMPLATE
2,8,ANJ,SUN,WORK,DOM_08_12_30,270,SUNDAY_ROTATION
2,8,CLE,SUN,FOLGA,,0,MOCK_BASE_WEEKDAY_TEMPLATE
2,8,GAB,SUN,WORK,DOM_08_12_30,270,SUNDAY_ROTATION
2,8,HEL,SUN,FOLGA,,0,MOCK_BASE_WEEKDAY_TEMPLATE
2,8,MAY,SUN,WORK,DOM_08_12_30,270,SUNDAY_ROTATION
2,9,ALI,MON,WORK,CAI5,330,MOCK_BASE_WEEKDAY_TEMPLATE
2,9,ANJ,MON,FOLGA,,0,SUNDAY_COMPENSATION
2,9,CLE,MON,WORK,CAI1,570,MOCK_BASE_WEEKDAY_TEMPLATE
2,9,GAB,MON,WORK,CAI2,360,MOCK_BASE_WEEKDAY_TEMPLATE
2,9,HEL,MON,WORK,CAI6,330,MOCK_BASE_WEEKDAY_TEMPLATE
2,9,MAY,MON,WORK,CAI4,300,MOCK_BASE_WEEKDAY_TEMPLATE
2,10,ALI,TUE,WORK,CAI5,330,MOCK_BASE_WEEKDAY_TEMPLATE
2,10,ANJ,TUE,WORK,CAI3,480,MOCK_BASE_WEEKDAY_TEMPLATE
2,10,CLE,TUE,WORK,CAI1,360,MOCK_BASE_WEEKDAY_TEMPLATE
2,10,GAB,TUE,FOLGA,,0,SUNDAY_COMPENSATION
2,10,HEL,TUE,WORK,CAI6,330,MOCK_BASE_WEEKDAY_TEMPLATE
2,10,MAY,TUE,WORK,CAI4,300,MOCK_BASE_WEEKDAY_TEMPLATE
2,11,ALI,WED,WORK,CAI5,300,MOCK_BASE_WEEKDAY_TEMPLATE
2,11,ANJ,WED,WORK,CAI3,450,MOCK_BASE_WEEKDAY_TEMPLATE
2,11,CLE,WED,WORK,CAI1,540,MOCK_BASE_WEEKDAY_TEMPLATE
2,11,GAB,WED,WORK,CAI2,360,MOCK_BASE_WEEKDAY_TEMPLATE
2,11,HEL,WED,WORK,CAI6,300,MOCK_BASE_WEEKDAY_TEMPLATE
2,11,MAY,WED,FOLGA,,0,SUNDAY_COMPENSATION
2,12,ALI,THU,WORK,CAI5,270,MOCK_BASE_WEEKDAY_TEMPLATE
2,12,ANJ,THU,WORK,CAI3,480,MOCK_BASE_WEEKDAY_TEMPLATE
2,12,CLE,THU,WORK,CAI1,360,MOCK_BASE_WEEKDAY_TEMPLATE
2,12,GAB,THU,WORK,CAI2,360,MOCK_BASE_WEEKDAY_TEMPLATE
2,12,HEL,THU,WORK,CAI6,300,MOCK_BASE_WEEKDAY_TEMPLATE
2,12,MAY,THU,WORK,CAI4,330,MOCK_BASE_WEEKDAY_TEMPLATE
2,13,ALI,FRI,WORK,CAI5,270,MOCK_BASE_WEEKDAY_TEMPLATE
2,13,ANJ,FRI,WORK,CAI3,450,MOCK_BASE_WEEKDAY_TEMPLATE
2,13,CLE,FRI,WORK,CAI1,540,MOCK_BASE_WEEKDAY_TEMPLATE
2,13,GAB,FRI,WORK,CAI2,360,MOCK_BASE_WEEKDAY_TEMPLATE
2,13,HEL,FRI,WORK,CAI6,270,MOCK_BASE_WEEKDAY_TEMPLATE
2,13,MAY,FRI,WORK,CAI4,330,MOCK_BASE_WEEKDAY_TEMPLATE
2,14,ALI,SAT,WORK,CAI5,300,MOCK_BASE_WEEKDAY_TEMPLATE
2,14,ANJ,SAT,WORK,CAI3,510,MOCK_BASE_WEEKDAY_TEMPLATE
2,14,CLE,SAT,WORK,CAI1,270,MOCK_BASE_WEEKDAY_TEMPLATE
2,14,GAB,SAT,WORK,CAI2,450,MOCK_BASE_WEEKDAY_TEMPLATE
2,14,HEL,SAT,WORK,CAI6,270,MOCK_BASE_WEEKDAY_TEMPLATE
2,14,MAY,SAT,WORK,CAI4,270,MOCK_BASE_WEEKDAY_TEMPLATE
3,15,ALI,SUN,WORK,DOM_08_12_30,270,SUNDAY_ROTATION
3,15,ANJ,SUN,FOLGA,,0,MOCK_BASE_WEEKDAY_TEMPLATE
3,15,CLE,SUN,FOLGA,,0,MOCK_BASE_WEEKDAY_TEMPLATE
3,15,GAB,SUN,FOLGA,,0,MOCK_BASE_WEEKDAY_TEMPLATE
3,15,HEL,SUN,WORK,DOM_08_12_30,270,SUNDAY_ROTATION
3,15,MAY,SUN,WORK,DOM_08_12_30,270,SUNDAY_ROTATION
3,16,ALI,MON,WORK,CAI5,330,MOCK_BASE_WEEKDAY_TEMPLATE
3,16,ANJ,MON,WORK,CAI3,270,MOCK_BASE_WEEKDAY_TEMPLATE
3,16,CLE,MON,WORK,CAI1,570,MOCK_BASE_WEEKDAY_TEMPLATE
3,16,GAB,MON,WORK,CAI2,360,MOCK_BASE_WEEKDAY_TEMPLATE
3,16,HEL,MON,WORK,CAI6,330,MOCK_BASE_WEEKDAY_TEMPLATE
3,16,MAY,MON,WORK,CAI4,300,MOCK_BASE_WEEKDAY_TEMPLATE
3,17,ALI,TUE,WORK,CAI5,330,MOCK_BASE_WEEKDAY_TEMPLATE
3,17,ANJ,TUE,WORK,CAI3,480,MOCK_BASE_WEEKDAY_TEMPLATE
3,17,CLE,TUE,WORK,CAI1,360,MOCK_BASE_WEEKDAY_TEMPLATE
3,17,GAB,TUE,WORK,CAI2,270,MOCK_BASE_WEEKDAY_TEMPLATE
3,17,HEL,TUE,WORK,CAI6,330,MOCK_BASE_WEEKDAY_TEMPLATE
3,17,MAY,TUE,WORK,CAI4,300,MOCK_BASE_WEEKDAY_TEMPLATE
3,18,ALI,WED,WORK,CAI5,300,MOCK_BASE_WEEKDAY_TEMPLATE
3,18,ANJ,WED,WORK,CAI3,450,MOCK_BASE_WEEKDAY_TEMPLATE
3,18,CLE,WED,WORK,CAI1,540,MOCK_BASE_WEEKDAY_TEMPLATE
3,18,GAB,WED,WORK,CAI2,360,MOCK_BASE_WEEKDAY_TEMPLATE
3,18,HEL,WED,WORK,CAI6,300,MOCK_BASE_WEEKDAY_TEMPLATE
3,18,MAY,WED,FOLGA,,0,SUNDAY_COMPENSATION
3,19,ALI,THU,FOLGA,,0,SUNDAY_COMPENSATION
3,19,ANJ,THU,WORK,CAI3,480,MOCK_BASE_WEEKDAY_TEMPLATE
3,19,CLE,THU,WORK,CAI1,360,MOCK_BASE_WEEKDAY_TEMPLATE
3,19,GAB,THU,WORK,CAI2,360,MOCK_BASE_WEEKDAY_TEMPLATE
3,19,HEL,THU,WORK,CAI6,300,MOCK_BASE_WEEKDAY_TEMPLATE
3,19,MAY,THU,WORK,CAI4,330,MOCK_BASE_WEEKDAY_TEMPLATE
3,20,ALI,FRI,WORK,CAI5,270,MOCK_BASE_WEEKDAY_TEMPLATE
3,20,ANJ,FRI,WORK,CAI3,450,MOCK_BASE_WEEKDAY_TEMPLATE
3,20,CLE,FRI,WORK,CAI1,540,MOCK_BASE_WEEKDAY_TEMPLATE
3,20,GAB,FRI,WORK,CAI2,360,MOCK_BASE_WEEKDAY_TEMPLATE
3,20,HEL,FRI,FOLGA,,0,SUNDAY_COMPENSATION
3,20,MAY,FRI,WORK,CAI4,330,MOCK_BASE_WEEKDAY_TEMPLATE
3,21,ALI,SAT,WORK,CAI5,300,MOCK_BASE_WEEKDAY_TEMPLATE
3,21,ANJ,SAT,WORK,CAI3,510,MOCK_BASE_WEEKDAY_TEMPLATE
3,21,CLE,SAT,WORK,CAI1,270,MOCK_BASE_WEEKDAY_TEMPLATE
3,21,GAB,SAT,WORK,CAI2,450,MOCK_BASE_WEEKDAY_TEMPLATE
3,21,HEL,SAT,WORK,CAI6,270,MOCK_BASE_WEEKDAY_TEMPLATE
3,21,MAY,SAT,WORK,CAI4,270,MOCK_BASE_WEEKDAY_TEMPLATE
4,22,ALI,SUN,FOLGA,,0,MOCK_BASE_WEEKDAY_TEMPLATE
4,22,ANJ,SUN,WORK,DOM_08_12_30,270,SUNDAY_ROTATION
4,22,CLE,SUN,FOLGA,,0,MOCK_BASE_WEEKDAY_TEMPLATE
4,22,GAB,SUN,WORK,DOM_08_12_30,270,SUNDAY_ROTATION
4,22,HEL,SUN,WORK,DOM_08_12_30,270,SUNDAY_ROTATION
4,22,MAY,SUN,FOLGA,,0,MOCK_BASE_WEEKDAY_TEMPLATE
4,23,ALI,MON,WORK,CAI5,330,MOCK_BASE_WEEKDAY_TEMPLATE
4,23,ANJ,MON,FOLGA,,0,SUNDAY_COMPENSATION
4,23,CLE,MON,WORK,CAI1,570,MOCK_BASE_WEEKDAY_TEMPLATE
4,23,GAB,MON,WORK,CAI2,360,MOCK_BASE_WEEKDAY_TEMPLATE
4,23,HEL,MON,WORK,CAI6,330,MOCK_BASE_WEEKDAY_TEMPLATE
4,23,MAY,MON,WORK,CAI4,300,MOCK_BASE_WEEKDAY_TEMPLATE
4,24,ALI,TUE,WORK,CAI5,330,MOCK_BASE_WEEKDAY_TEMPLATE
4,24,ANJ,TUE,WORK,CAI3,480,MOCK_BASE_WEEKDAY_TEMPLATE
4,24,CLE,TUE,WORK,CAI1,360,MOCK_BASE_WEEKDAY_TEMPLATE
4,24,GAB,TUE,FOLGA,,0,SUNDAY_COMPENSATION
4,24,HEL,TUE,WORK,CAI6,330,MOCK_BASE_WEEKDAY_TEMPLATE
4,24,MAY,TUE,WORK,CAI4,300,MOCK_BASE_WEEKDAY_TEMPLATE
4,25,ALI,WED,WORK,CAI5,300,MOCK_BASE_WEEKDAY_TEMPLATE
4,25,ANJ,WED,WORK,CAI3,450,MOCK_BASE_WEEKDAY_TEMPLATE
4,25,CLE,WED,WORK,CAI1,540,MOCK_BASE_WEEKDAY_TEMPLATE
4,25,GAB,WED,WORK,CAI2,360,MOCK_BASE_WEEKDAY_TEMPLATE
4,25,HEL,WED,WORK,CAI6,300,MOCK_BASE_WEEKDAY_TEMPLATE
4,25,MAY,WED,WORK,CAI4,270,MOCK_BASE_WEEKDAY_TEMPLATE
4,26,ALI,THU,WORK,CAI5,270,MOCK_BASE_WEEKDAY_TEMPLATE
4,26,ANJ,THU,WORK,CAI3,480,MOCK_BASE_WEEKDAY_TEMPLATE
4,26,CLE,THU,WORK,CAI1,360,MOCK_BASE_WEEKDAY_TEMPLATE
4,26,GAB,THU,WORK,CAI2,360,MOCK_BASE_WEEKDAY_TEMPLATE
4,26,HEL,THU,WORK,CAI6,300,MOCK_BASE_WEEKDAY_TEMPLATE
4,26,MAY,THU,WORK,CAI4,330,MOCK_BASE_WEEKDAY_TEMPLATE
4,27,ALI,FRI,WORK,CAI5,270,MOCK_BASE_WEEKDAY_TEMPLATE
4,27,ANJ,FRI,WORK,CAI3,450,MOCK_BASE_WEEKDAY_TEMPLATE
4,27,CLE,FRI,WORK,CAI1,540,MOCK_BASE_WEEKDAY_TEMPLATE
4,27,GAB,FRI,WORK,CAI2,360,MOCK_BASE_WEEKDAY_TEMPLATE
4,27,HEL,FRI,FOLGA,,0,SUNDAY_COMPENSATION
4,27,MAY,FRI,WORK,CAI4,330,MOCK_BASE_WEEKDAY_TEMPLATE
4,28,ALI,SAT,WORK,CAI5,300,MOCK_BASE_WEEKDAY_TEMPLATE
4,28,ANJ,SAT,WORK,CAI3,510,MOCK_BASE_WEEKDAY_TEMPLATE
4,28,CLE,SAT,WORK,CAI1,270,MOCK_BASE_WEEKDAY_TEMPLATE
4,28,GAB,SAT,WORK,CAI2,450,MOCK_BASE_WEEKDAY_TEMPLATE
4,28,HEL,SAT,WORK,CAI6,270,MOCK_BASE_WEEKDAY_TEMPLATE
4,28,MAY,SAT,WORK,CAI4,270,MOCK_BASE_WEEKDAY_TEMPLATE
5,29,ALI,SUN,WORK,DOM_08_12_30,270,SUNDAY_ROTATION
5,29,ANJ,SUN,FOLGA,,0,MOCK_BASE_WEEKDAY_TEMPLATE
5,29,CLE,SUN,WORK,DOM_08_12_30,270,SUNDAY_ROTATION
5,29,GAB,SUN,FOLGA,,0,MOCK_BASE_WEEKDAY_TEMPLATE
5,29,HEL,SUN,FOLGA,,0,MOCK_BASE_WEEKDAY_TEMPLATE
5,29,MAY,SUN,WORK,DOM_08_12_30,270,SUNDAY_ROTATION
5,30,ALI,MON,WORK,CAI5,330,MOCK_BASE_WEEKDAY_TEMPLATE
5,30,ANJ,MON,WORK,CAI3,270,MOCK_BASE_WEEKDAY_TEMPLATE
5,30,CLE,MON,WORK,CAI1,570,MOCK_BASE_WEEKDAY_TEMPLATE
5,30,GAB,MON,WORK,CAI2,360,MOCK_BASE_WEEKDAY_TEMPLATE
5,30,HEL,MON,WORK,CAI6,330,MOCK_BASE_WEEKDAY_TEMPLATE
5,30,MAY,MON,WORK,CAI4,300,MOCK_BASE_WEEKDAY_TEMPLATE
5,31,ALI,TUE,WORK,CAI5,330,MOCK_BASE_WEEKDAY_TEMPLATE
5,31,ANJ,TUE,WORK,CAI3,480,MOCK_BASE_WEEKDAY_TEMPLATE
5,31,CLE,TUE,WORK,CAI1,360,MOCK_BASE_WEEKDAY_TEMPLATE
5,31,GAB,TUE,WORK,CAI2,270,MOCK_BASE_WEEKDAY_TEMPLATE
5,31,HEL,TUE,WORK,CAI6,330,MOCK_BASE_WEEKDAY_TEMPLATE
5,31,MAY,TUE,WORK,CAI4,300,MOCK_BASE_WEEKDAY_TEMPLATE
5,32,ALI,WED,WORK,CAI5,300,MOCK_BASE_WEEKDAY_TEMPLATE
5,32,ANJ,WED,WORK,CAI3,450,MOCK_BASE_WEEKDAY_TEMPLATE
5,32,CLE,WED,WORK,CAI1,540,MOCK_BASE_WEEKDAY_TEMPLATE
5,32,GAB,WED,WORK,CAI2,360,MOCK_BASE_WEEKDAY_TEMPLATE
5,32,HEL,WED,WORK,CAI6,300,MOCK_BASE_WEEKDAY_TEMPLATE
5,32,MAY,WED,FOLGA,,0,SUNDAY_COMPENSATION
5,33,ALI,THU,FOLGA,,0,SUNDAY_COMPENSATION
5,33,ANJ,THU,WORK,CAI3,480,MOCK_BASE_WEEKDAY_TEMPLATE
5,33,CLE,THU,WORK,CAI1,360,MOCK_BASE_WEEKDAY_TEMPLATE
5,33,GAB,THU,WORK,CAI2,360,MOCK_BASE_WEEKDAY_TEMPLATE
5,33,HEL,THU,WORK,CAI6,300,MOCK_BASE_WEEKDAY_TEMPLATE
5,33,MAY,THU,WORK,CAI4,330,MOCK_BASE_WEEKDAY_TEMPLATE
5,34,ALI,FRI,WORK,CAI5,270,MOCK_BASE_WEEKDAY_TEMPLATE
5,34,ANJ,FRI,WORK,CAI3,450,MOCK_BASE_WEEKDAY_TEMPLATE
5,34,CLE,FRI,WORK,CAI1,540,MOCK_BASE_WEEKDAY_TEMPLATE
5,34,GAB,FRI,WORK,CAI2,360,MOCK_BASE_WEEKDAY_TEMPLATE
5,34,HEL,FRI,WORK,CAI6,270,MOCK_BASE_WEEKDAY_TEMPLATE
5,34,MAY,FRI,WORK,CAI4,330,MOCK_BASE_WEEKDAY_TEMPLATE
5,35,ALI,SAT,WORK,CAI5,300,MOCK_BASE_WEEKDAY_TEMPLATE
5,35,ANJ,SAT,WORK,CAI3,510,MOCK_BASE_WEEKDAY_TEMPLATE
5,35,CLE,SAT,FOLGA,,0,SUNDAY_COMPENSATION
5,35,GAB,SAT,WORK,CAI2,450,MOCK_BASE_WEEKDAY_TEMPLATE
5,35,HEL,SAT,WORK,CAI6,270,MOCK_BASE_WEEKDAY_TEMPLATE
5,35,MAY,SAT,WORK,CAI4,270,MOCK_BASE_WEEKDAY_TEMPLATE
6,36,ALI,SUN,WORK,DOM_08_12_30,270,SUNDAY_ROTATION
6,36,ANJ,SUN,WORK,DOM_08_12_30,270,SUNDAY_ROTATION
6,36,CLE,SUN,FOLGA,,0,MOCK_BASE_WEEKDAY_TEMPLATE
6,36,GAB,SUN,FOLGA,,0,MOCK_BASE_WEEKDAY_TEMPLATE
6,36,HEL,SUN,WORK,DOM_08_12_30,270,SUNDAY_ROTATION
6,36,MAY,SUN,FOLGA,,0,MOCK_BASE_WEEKDAY_TEMPLATE
6,37,ALI,MON,WORK,CAI5,330,MOCK_BASE_WEEKDAY_TEMPLATE
6,37,ANJ,MON,FOLGA,,0,SUNDAY_COMPENSATION
6,37,CLE,MON,WORK,CAI1,570,MOCK_BASE_WEEKDAY_TEMPLATE
6,37,GAB,MON,WORK,CAI2,360,MOCK_BASE_WEEKDAY_TEMPLATE
6,37,HEL,MON,WORK,CAI6,330,MOCK_BASE_WEEKDAY_TEMPLATE
6,37,MAY,MON,WORK,CAI4,300,MOCK_BASE_WEEKDAY_TEMPLATE
6,38,ALI,TUE,WORK,CAI5,330,MOCK_BASE_WEEKDAY_TEMPLATE
6,38,ANJ,TUE,WORK,CAI3,480,MOCK_BASE_WEEKDAY_TEMPLATE
6,38,CLE,TUE,WORK,CAI1,360,MOCK_BASE_WEEKDAY_TEMPLATE
6,38,GAB,TUE,WORK,CAI2,270,MOCK_BASE_WEEKDAY_TEMPLATE
6,38,HEL,TUE,WORK,CAI6,330,MOCK_BASE_WEEKDAY_TEMPLATE
6,38,MAY,TUE,WORK,CAI4,300,MOCK_BASE_WEEKDAY_TEMPLATE
6,39,ALI,WED,WORK,CAI5,300,MOCK_BASE_WEEKDAY_TEMPLATE
6,39,ANJ,WED,WORK,CAI3,450,MOCK_BASE_WEEKDAY_TEMPLATE
6,39,CLE,WED,WORK,CAI1,540,MOCK_BASE_WEEKDAY_TEMPLATE
6,39,GAB,WED,WORK,CAI2,360,MOCK_BASE_WEEKDAY_TEMPLATE
6,39,HEL,WED,WORK,CAI6,300,MOCK_BASE_WEEKDAY_TEMPLATE
6,39,MAY,WED,WORK,CAI4,270,MOCK_BASE_WEEKDAY_TEMPLATE
6,40,ALI,THU,FOLGA,,0,SUNDAY_COMPENSATION
6,40,ANJ,THU,WORK,CAI3,480,MOCK_BASE_WEEKDAY_TEMPLATE
6,40,CLE,THU,WORK,CAI1,360,MOCK_BASE_WEEKDAY_TEMPLATE
6,40,GAB,THU,WORK,CAI2,360,MOCK_BASE_WEEKDAY_TEMPLATE
6,40,HEL,THU,WORK,CAI6,300,MOCK_BASE_WEEKDAY_TEMPLATE
6,40,MAY,THU,WORK,CAI4,330,MOCK_BASE_WEEKDAY_TEMPLATE
6,41,ALI,FRI,WORK,CAI5,270,MOCK_BASE_WEEKDAY_TEMPLATE
6,41,ANJ,FRI,WORK,CAI3,450,MOCK_BASE_WEEKDAY_TEMPLATE
6,41,CLE,FRI,WORK,CAI1,540,MOCK_BASE_WEEKDAY_TEMPLATE
6,41,GAB,FRI,WORK,CAI2,360,MOCK_BASE_WEEKDAY_TEMPLATE
6,41,HEL,FRI,FOLGA,,0,SUNDAY_COMPENSATION
6,41,MAY,FRI,WORK,CAI4,330,MOCK_BASE_WEEKDAY_TEMPLATE
6,42,ALI,SAT,WORK,CAI5,300,MOCK_BASE_WEEKDAY_TEMPLATE
6,42,ANJ,SAT,WORK,CAI3,510,MOCK_BASE_WEEKDAY_TEMPLATE
6,42,CLE,SAT,WORK,CAI1,270,MOCK_BASE_WEEKDAY_TEMPLATE
6,42,GAB,SAT,WORK,CAI2,450,MOCK_BASE_WEEKDAY_TEMPLATE
6,42,HEL,SAT,WORK,CAI6,270,MOCK_BASE_WEEKDAY_TEMPLATE
6,42,MAY,SAT,WORK,CAI4,270,MOCK_BASE_WEEKDAY_TEMPLATE
7,43,ALI,SUN,FOLGA,,0,MOCK_BASE_WEEKDAY_TEMPLATE
7,43,ANJ,SUN,WORK,DOM_08_12_30,270,SUNDAY_ROTATION
7,43,CLE,SUN,FOLGA,,0,MOCK_BASE_WEEKDAY_TEMPLATE
7,43,GAB,SUN,WORK,DOM_08_12_30,270,SUNDAY_ROTATION
7,43,HEL,SUN,FOLGA,,0,MOCK_BASE_WEEKDAY_TEMPLATE
7,43,MAY,SUN,WORK,DOM_08_12_30,270,SUNDAY_ROTATION
7,44,ALI,MON,WORK,CAI5,330,MOCK_BASE_WEEKDAY_TEMPLATE
7,44,ANJ,MON,FOLGA,,0,SUNDAY_COMPENSATION
7,44,CLE,MON,WORK,CAI1,570,MOCK_BASE_WEEKDAY_TEMPLATE
7,44,GAB,MON,WORK,CAI2,360,MOCK_BASE_WEEKDAY_TEMPLATE
7,44,HEL,MON,WORK,CAI6,330,MOCK_BASE_WEEKDAY_TEMPLATE
7,44,MAY,MON,WORK,CAI4,300,MOCK_BASE_WEEKDAY_TEMPLATE
7,45,ALI,TUE,WORK,CAI5,330,MOCK_BASE_WEEKDAY_TEMPLATE
7,45,ANJ,TUE,WORK,CAI3,480,MOCK_BASE_WEEKDAY_TEMPLATE
7,45,CLE,TUE,WORK,CAI1,360,MOCK_BASE_WEEKDAY_TEMPLATE
7,45,GAB,TUE,FOLGA,,0,SUNDAY_COMPENSATION
7,45,HEL,TUE,WORK,CAI6,330,MOCK_BASE_WEEKDAY_TEMPLATE
7,45,MAY,TUE,WORK,CAI4,300,MOCK_BASE_WEEKDAY_TEMPLATE
7,46,ALI,WED,WORK,CAI5,300,MOCK_BASE_WEEKDAY_TEMPLATE
7,46,ANJ,WED,WORK,CAI3,450,MOCK_BASE_WEEKDAY_TEMPLATE
7,46,CLE,WED,WORK,CAI1,540,MOCK_BASE_WEEKDAY_TEMPLATE
7,46,GAB,WED,WORK,CAI2,360,MOCK_BASE_WEEKDAY_TEMPLATE
7,46,HEL,WED,WORK,CAI6,300,MOCK_BASE_WEEKDAY_TEMPLATE
7,46,MAY,WED,FOLGA,,0,SUNDAY_COMPENSATION
7,47,ALI,THU,WORK,CAI5,270,MOCK_BASE_WEEKDAY_TEMPLATE
7,47,ANJ,THU,WORK,CAI3,480,MOCK_BASE_WEEKDAY_TEMPLATE
7,47,CLE,THU,WORK,CAI1,360,MOCK_BASE_WEEKDAY_TEMPLATE
7,47,GAB,THU,WORK,CAI2,360,MOCK_BASE_WEEKDAY_TEMPLATE
7,47,HEL,THU,WORK,CAI6,300,MOCK_BASE_WEEKDAY_TEMPLATE
7,47,MAY,THU,WORK,CAI4,330,MOCK_BASE_WEEKDAY_TEMPLATE
7,48,ALI,FRI,WORK,CAI5,270,MOCK_BASE_WEEKDAY_TEMPLATE
7,48,ANJ,FRI,WORK,CAI3,450,MOCK_BASE_WEEKDAY_TEMPLATE
7,48,CLE,FRI,WORK,CAI1,540,MOCK_BASE_WEEKDAY_TEMPLATE
7,48,GAB,FRI,WORK,CAI2,360,MOCK_BASE_WEEKDAY_TEMPLATE
7,48,HEL,FRI,WORK,CAI6,270,MOCK_BASE_WEEKDAY_TEMPLATE
7,48,MAY,FRI,WORK,CAI4,330,MOCK_BASE_WEEKDAY_TEMPLATE
7,49,ALI,SAT,WORK,CAI5,300,MOCK_BASE_WEEKDAY_TEMPLATE
7,49,ANJ,SAT,WORK,CAI3,510,MOCK_BASE_WEEKDAY_TEMPLATE
7,49,CLE,SAT,WORK,CAI1,270,MOCK_BASE_WEEKDAY_TEMPLATE
7,49,GAB,SAT,WORK,CAI2,450,MOCK_BASE_WEEKDAY_TEMPLATE
7,49,HEL,SAT,WORK,CAI6,270,MOCK_BASE_WEEKDAY_TEMPLATE
7,49,MAY,SAT,WORK,CAI4,270,MOCK_BASE_WEEKDAY_TEMPLATE
8,50,ALI,SUN,WORK,DOM_08_12_30,270,SUNDAY_ROTATION
8,50,ANJ,SUN,FOLGA,,0,MOCK_BASE_WEEKDAY_TEMPLATE
8,50,CLE,SUN,FOLGA,,0,MOCK_BASE_WEEKDAY_TEMPLATE
8,50,GAB,SUN,FOLGA,,0,MOCK_BASE_WEEKDAY_TEMPLATE
8,50,HEL,SUN,WORK,DOM_08_12_30,270,SUNDAY_ROTATION
8,50,MAY,SUN,WORK,DOM_08_12_30,270,SUNDAY_ROTATION
8,51,ALI,MON,WORK,CAI5,330,MOCK_BASE_WEEKDAY_TEMPLATE
8,51,ANJ,MON,WORK,CAI3,270,MOCK_BASE_WEEKDAY_TEMPLATE
8,51,CLE,MON,WORK,CAI1,570,MOCK_BASE_WEEKDAY_TEMPLATE
8,51,GAB,MON,WORK,CAI2,360,MOCK_BASE_WEEKDAY_TEMPLATE
8,51,HEL,MON,WORK,CAI6,330,MOCK_BASE_WEEKDAY_TEMPLATE
8,51,MAY,MON,WORK,CAI4,300,MOCK_BASE_WEEKDAY_TEMPLATE
8,52,ALI,TUE,WORK,CAI5,330,MOCK_BASE_WEEKDAY_TEMPLATE
8,52,ANJ,TUE,WORK,CAI3,480,MOCK_BASE_WEEKDAY_TEMPLATE
8,52,CLE,TUE,WORK,CAI1,360,MOCK_BASE_WEEKDAY_TEMPLATE
8,52,GAB,TUE,WORK,CAI2,270,MOCK_BASE_WEEKDAY_TEMPLATE
8,52,HEL,TUE,WORK,CAI6,330,MOCK_BASE_WEEKDAY_TEMPLATE
8,52,MAY,TUE,WORK,CAI4,300,MOCK_BASE_WEEKDAY_TEMPLATE
8,53,ALI,WED,WORK,CAI5,300,MOCK_BASE_WEEKDAY_TEMPLATE
8,53,ANJ,WED,WORK,CAI3,450,MOCK_BASE_WEEKDAY_TEMPLATE
8,53,CLE,WED,WORK,CAI1,540,MOCK_BASE_WEEKDAY_TEMPLATE
8,53,GAB,WED,WORK,CAI2,360,MOCK_BASE_WEEKDAY_TEMPLATE
8,53,HEL,WED,WORK,CAI6,300,MOCK_BASE_WEEKDAY_TEMPLATE
8,53,MAY,WED,FOLGA,,0,SUNDAY_COMPENSATION
8,54,ALI,THU,FOLGA,,0,SUNDAY_COMPENSATION
8,54,ANJ,THU,WORK,CAI3,480,MOCK_BASE_WEEKDAY_TEMPLATE
8,54,CLE,THU,WORK,CAI1,360,MOCK_BASE_WEEKDAY_TEMPLATE
8,54,GAB,THU,WORK,CAI2,360,MOCK_BASE_WEEKDAY_TEMPLATE
8,54,HEL,THU,WORK,CAI6,300,MOCK_BASE_WEEKDAY_TEMPLATE
8,54,MAY,THU,WORK,CAI4,330,MOCK_BASE_WEEKDAY_TEMPLATE
8,55,ALI,FRI,WORK,CAI5,270,MOCK_BASE_WEEKDAY_TEMPLATE
8,55,ANJ,FRI,WORK,CAI3,450,MOCK_BASE_WEEKDAY_TEMPLATE
8,55,CLE,FRI,WORK,CAI1,540,MOCK_BASE_WEEKDAY_TEMPLATE
8,55,GAB,FRI,WORK,CAI2,360,MOCK_BASE_WEEKDAY_TEMPLATE
8,55,HEL,FRI,FOLGA,,0,SUNDAY_COMPENSATION
8,55,MAY,FRI,WORK,CAI4,330,MOCK_BASE_WEEKDAY_TEMPLATE
8,56,ALI,SAT,WORK,CAI5,300,MOCK_BASE_WEEKDAY_TEMPLATE
8,56,ANJ,SAT,WORK,CAI3,510,MOCK_BASE_WEEKDAY_TEMPLATE
8,56,CLE,SAT,WORK,CAI1,270,MOCK_BASE_WEEKDAY_TEMPLATE
8,56,GAB,SAT,WORK,CAI2,450,MOCK_BASE_WEEKDAY_TEMPLATE
8,56,HEL,SAT,WORK,CAI6,270,MOCK_BASE_WEEKDAY_TEMPLATE
8,56,MAY,SAT,WORK,CAI4,270,MOCK_BASE_WEEKDAY_TEMPLATE
